Name,circle_3x.png,ellipse_angle_0_3x.png,ellipse_angle_90_3x.png,parallelogram_angle_0_3x.png,parallelogram_angle_90_3x.png,rectangle_angle_0_3x.png,rectangle_angle_90_3x.png,square_3x.png,trapezium_angle_0_3x.png,trapezium_angle_90_3x.png,Timestamp,Gender,Username,Undergraduate Majors,Rate yourself on the basis of artistic training,What was the basis for your divisions?
Anushka,1.072110473362779,1.0216576466313514,1.2659795248130596,1.0227734912375142,1.026492112661195,1.0050813241792858,1.480499849408716,1.1633336558427545,3.11127343559776,1.928195918367347,2023/11/07 4:12:39 pm GMT+5:30,Female,agrawalanushka562@gmail.com,ECE,3,random
Harshit,1.266732767446172,1.001178346812548,5.0963266384778,4.874334221038616,1.3798076923076923,4.785158325363936,1.0537778112412002,6.644444444444,2.0978260869565,6.98695652173913,2023/12/03 10:35:08 pm GMT+5:30,Male,harshitaggarwal2627@gmail.com,CSE,5,So that it looks better
Keshav,1.254134022604675,1.2548254884499426,1.0105238072541824,1.2066954926624738,1.2834370007817546,3.625067772285122,1.435722558229314,5.277440013847119,3.491407672138813,1.0904559289396858,2023/11/06 8:26:02 pm GMT+5:30,Male,iamkeshav06@gmail.com,cse?,3,the divine beauty of kirmada
Khushi,1.0155962386381472,1.0007977116531983,1.0807891789945188,1.2573312249525197,1.1087304451522806,1.1984947927693594,1.284527018186576,1.1332976249000286,1.6794677145664016,5.239628454286442,2023/11/06 4:41:34 pm GMT+5:30,Female,khushiw003@gmail.com,CSE,2,I chose whatever looked aesthetically pleasing
Mahika,1.03908604131891,1.020646572516131,1.0052118343195269,1.155761968766001,1.1874338559729074,1.05709431558083,1.1151724338526872,1.0968435482125465,1.3280762564991335,1.9962938569562745,2023/11/06 5:06:58 pm GMT+5:30,Female,jainmahika1101@gmail.com,CSE,3,Equal partitions
Rhythm,1.027218849897633,1.0029530493547305,1.549054320140181,1.4456528640754682,1.6193186247758633,1.4057826300429752,2.3077779882553515,1.2966494702829108,2.0026468854610364,2.3425103023683036,2023/12/03 9:00:45 pm GMT+5:30,Male,gokum1037@gmail.com,Cse,4,Symmetry 
Shivam,1.3199312630012416,1.7307183297719189,1.1578360261608365,1.0325389585422304,4.171846751548255,5.965631840478054,1.0619529223923323,1.0604130271137813,2.0356853750674584,1.9979387416296197,2023/11/06 4:58:34 pm GMT+5:30,Male,st545362@gmail.com,CSE,5,Mostly I divided the image from the mid of the line.
Umang,5.679097943633309,4.95720134502019,2.221325810572419,1.397702908285366,1.1078135033123993,1.033236603185563,1.2234818185060452,1.3395813204508855,1.188366864961815,1.0971427236408664,2023/11/06 5:11:47 pm GMT+5:30,Male,umang1nov@gmail.com,ECE,3,I wanted to be unique and try to get some pattern 
Vanshita,3.3564760432766616,1.008159138805035,1.103460788992285,1.065980597094924,1.0752362192607183,1.0994235199984577,1.0760174875463144,1.0185001882083955,2.502808696556746,2.0781841686782827,2023/11/06 5:00:05 pm GMT+5:30,Female,vanshitamahajan1401@gmail.com,CSE,4,Trying that both portions look like mirror images of each other (wherever possible) and have approximately similar area.
Vrinda,1.025456398917421,1.0166660335789717,1.3698495107840336,1.100898275902366,1.035693467679054,1.0155713981895014,1.0949348255936726,1.015174129353234,2.009933069497853,1.049377549156876,2023/12/03 8:00:33 pm GMT+5:30,Female,vrindarocks777@gmail.com,CSE,4,Choice of colours 
Anushka,1.0167858675439851,1.0366595936121177,1.2326004812969686,1.2776847765433978,1.1414072426937738,1.0947304192410805,1.157797474249533,1.0922850717868882,1.0655427978956262,1.3345512160067878,2023/11/07 4:12:39 pm GMT+5:30,Female,agrawalanushka562@gmail.com,ECE,3,random
Harshit,1.010306697565302,1.37913697790425,1.283925690963614,1.0357609058619957,1.1359133274156734,10.37639157476611,1.037476101213988,1.0118780986721214,126.49009433962264,1.9114865157352496,2023/12/03 10:35:08 pm GMT+5:30,Male,harshitaggarwal2627@gmail.com,CSE,5,So that it looks better
Keshav,1.0770314216817716,1.0990320623140972,14.556821113937117,1.0159306917313553,1.222481246201367,1.1153933788061683,5.392716477573335,1.0264703420568049,1.6408356720899653,1.891333139516103,2023/11/06 8:26:02 pm GMT+5:30,Male,iamkeshav06@gmail.com,cse?,3,the divine beauty of kirmada
Khushi,1.030894730400098,1.0035170985827606,1.0077892173352727,1.0053005248266131,1.0176057928252067,1.031824571529646,1.0585294464770447,1.1721411919421365,4.456680785521756,2.058912952227529,2023/11/06 4:41:34 pm GMT+5:30,Female,khushiw003@gmail.com,CSE,2,I chose whatever looked aesthetically pleasing
Mahika,1.2033672878624293,1.0382005928093,1.428239051881129,1.0173751838842355,1.0056678589830712,1.0091840600197726,1.0686267064117412,1.0262137417403965,2.056633419866102,1.4009301579664823,2023/11/06 5:06:58 pm GMT+5:30,Female,jainmahika1101@gmail.com,CSE,3,Equal partitions
Rhythm,1.8707885177006909,1.91042857044631,1.435466318110889,1.3153426945494304,2.337657831803031,1.032883855232542,1.0480547906516982,1.1490724104020171,1.2776640384420157,2.337356556616036,2023/12/03 9:00:45 pm GMT+5:30,Male,gokum1037@gmail.com,Cse,4,Symmetry 
Shivam,1.0123065727800014,1.0092215739291306,1.0636689682094322,3.0045421376342163,1.003067006289962,16.739319539856105,1.03223280334494,1.3143259948386274,4.119252436053594,1.7480166610654528,2023/11/06 4:58:34 pm GMT+5:30,Male,st545362@gmail.com,CSE,5,Mostly I divided the image from the mid of the line.
Umang,1.1004812850160923,8.44557830707872,1.040830115830116,1.0831526788479406,1.1717730107821491,1.113344343437768,1.2351420393339694,1.0775907718288895,6.106549803321101,1.4104426868983286,2023/11/06 5:11:47 pm GMT+5:30,Male,umang1nov@gmail.com,ECE,3,I wanted to be unique and try to get some pattern 
Vanshita,1.0789308848129344,1.1232844404076696,1.006594573580934,1.001527479732952,1.004854514174583,2.2029081295439523,2.8636420103641655,2.965763819576423,1.6550249395031853,1.3540858416457215,2023/11/06 5:00:05 pm GMT+5:30,Female,vanshitamahajan1401@gmail.com,CSE,4,Trying that both portions look like mirror images of each other (wherever possible) and have approximately similar area.
Vrinda,1.1116416569995884,1.0247515505639502,1.050143509174423,1.0058544162012009,1.1176387360477913,1.0081366514123693,1.0719529125382727,1.0041598604612532,1.0168458110183138,1.9722797267826109,2023/12/03 8:00:33 pm GMT+5:30,Female,vrindarocks777@gmail.com,CSE,4,Choice of colours 